"area_ctry","int","pa","alt","slope","ddefor","dedge","driver","droad","dtown","Vrho"
"India",2.24574342486054,-0.373976705876099,-0.964872926540474,-1.55050667719341,-4.56851189694149,-11.0797552540616,0,-0.027877163727069,-0.011150598960975,2.1931063496735
"Brazil",2.28226063699275,-0.771859572168072,-0.961277609876982,-0.633498389288159,-0.867126633300673,-2.22274127283295,-0.00748733181276337,-0.00760497170446322,-0.0107482958778495,9.11215957518531
"America",2.50069862171221,-0.60802590312166,-1.11069210828267,-1.62613882061813,-0.874142568554927,-2.38172016278355,-0.00584973945111927,-0.00994640013646665,-0.0128944984321136,7.86029537784888
"Africa",2.40401370370131,-0.313262220228968,-0.336373618613111,-1.27521904721312,-1.32681351728219,-2.63519669710023,-0.00228480722630424,-0.0281948755540493,-0.0175324067318431,5.38146526281524
"Asia",1.77553579096938,-0.677656036493159,-0.876198599790274,-5.10901360698405,-1.53524060395605,-3.68978453617643,-0.00254087650934384,-0.017837250119151,-0.0124039694835759,5.92276095464925
"All continents",2.31296265662969,-0.559103395404221,-0.886369760955572,-2.34829348784651,-1.12555914850758,-2.73777388524915,-0.00430528495295302,-0.0157757628555085,-0.0138031393646515,6.86975343618818
