"area_ctry","int","pa","alt","slope","ddefor","dedge","driver","droad","dtown","Vrho"
"India",2.27093429128208,-0.189039718574805,-0.557568110995827,-1.74984866557807,-4.15216909040161,-11.5824474426812,-0.00509941487651327,-0.0331337394278974,-0.00344633125157681,2.03311781988584
"Brazil",2.09979533016369,-0.663489781062029,-0.737758466614916,-0.670116590674854,-0.911729563690976,-2.17667973651425,-0.00966658846657559,-0.0096751846279001,-0.00928129574811275,9.16766129333735
"America",2.33768337190414,-0.567289893403238,-0.978356819966442,-1.64392765491185,-0.898241535845457,-2.4002186204855,-0.00642252929886759,-0.0104254672461167,-0.0121950337186968,7.73359728544383
"Africa",2.33587214583267,-0.283711965322033,-0.367032113815143,-1.60761774854583,-1.36497467755245,-2.64897481023014,-0.00149603629668548,-0.0281215067623893,-0.0147036625455702,5.45291616676115
"Asia",1.79923256155484,-0.55402072402521,-0.916310235165931,-5.18971988131228,-1.43832666679611,-3.8336552183794,-0.00317705952526543,-0.0201499818544933,-0.0108160594846503,5.79674688237718
"All continents",2.21196439806508,-0.50268356395573,-0.831297753507072,-2.46134465088905,-1.12519859470275,-2.78781917492272,-0.00459840914910696,-0.0165277623170517,-0.0124182819099294,6.78803063804154
