"area_cont","for2000","for2005","for2010","for2015","for2020","andef","pdef","for2030","for2035","for2040","for2050","for2055","for2060","for2070","for2080","for2085","for2090","for2100","loss21","yrdis"
"India",11051990,10179174,9367899,8748316,8311328,159007,1.8,6721258,5926223,5131188,3541118,3036600,2597425,1719075,840725,401550,346517,314067,97.1582764732867,2196
"DRC",131620875,129176099,126163711,121659649,117811537,991153,0.8,107900007,102944242,97988477,88076947,83121182,78165417,68253887,58342357,53386592,48430827,38519297,70.7346596806927,2138
"Indonesia",141262276,134714466,127698863,121333151,116317384,1498778,1.2,101329604,93835714,86341824,71354044,63860154,56366264,41378484,26390704,18896814,11402924,0,100,2097
"Brazil",375892972,360358893,349783946,342670022,334981897,1929555,0.6,315686347,306038569,296390792,277095245,267447470,257799694,238504145,219208595,209560819,199913044,180617495,51.9497547296521,2193
"America",690358173,666348577,648927571,634582007,621159873,3629928,0.6,584860963,566712427,548654386,513637500,496485017,480080743,448658852,417593541,402156030,386767362,356115353,48.415856155874,4383
"Africa",275744657,268037766,259666984,248824407,238791330,2674363,1.1,212083648,200564732,190066667,171757956,163586340,155442614,139826111,126023980,119195001,112949458,100552728,63.5341155495172,3401
"Asia",301411783,285737072,270678680,257266686,246894284,3148526,1.2,215409024,199666394,183984100,153943906,139220618,124562673,96935349,73390156,62568325,53096742,38429486,87.2501713046832,3005
"All continents",1267514613,1220123415,1179273235,1140673100,1106845487,9452817,0.8,1012353635,966943553,922705153,839339362,799291975,760086030,685420312,617007677,583919356,552813562,495097567,60.9394982967348,4383
