"area_cont","for2000","for2005","for2010","for2015","for2020","andef","pdef","for2030","for2035","for2040","for2050","for2055","for2060","for2070","for2080","for2085","for2090","for2100","loss21","yrdis"
"India",11050177,10179174,9367899,8748316,8311328,121645,1.4,7094878,6486653,5878428,4661978,4053753,3445528,2742575,2068925,1732100,1395275,721625,93.4695616187867,2312
"DRC",131616541,129175740,126163707,121659648,117811537,860137,0.7,109210167,104909482,100608797,92007427,87706742,83406057,74804687,66203317,61902632,57601947,49000577,62.7701984661639,2156
"Indonesia",141244075,134714299,127698859,121333147,116317384,1215436,1,104163024,98085844,92008664,79854304,73777124,67699944,55545584,43391224,37314044,31236864,19082504,86.489695939458,2115
"Brazil",375892185,360358879,349783945,342670021,334981897,1537341,0.4,319608487,311921782,304235077,288861663,281174959,273488254,258114845,242741435,235054728,227368024,211994614,43.6022821277862,2237
"America",690336658,666335632,648915831,634571314,621159873,2891596,0.5,592243963,577786188,563328680,534587484,520358461,506611850,479741729,454362151,441860119,429375051,404438220,41.4143497504952,4763
"Africa",275709298,268031939,259665217,248823436,238791330,2176088,0.9,217030450,206481349,197639769,180851009,173298863,166266351,152678565,139104120,133065681,127240901,115598180,58.0724404876618,3871
"Asia",301390609,285736837,270678672,257266681,246894284,2532927,1,221565014,208900379,196235744,171418430,159304505,147193616,123498833,101936149,92226665,82982835,66038910,78.0885973125991,3662
"All continents",1267436565,1220104408,1179259720,1140661431,1106845487,7600611,0.7,1030839427,993167916,957204193,886856923,852961829,820071817,755919127,695402420,667152465,639598787,586075310,53.7590025264894,4763
