"area_cont","for2000","for2005","for2010","for2015","for2020","andef","pdef","for2030","for2035","for2040","for2050","for2055","for2060","for2070","for2080","for2085","for2090","for2100","loss21","yrdis"
"India",11050177,10179174,9367899,8748316,8311328,84280,0.9,7468528,7047128,6625728,5782928,5361528,4940128,4097328,3297425,3062975,2828525,2359625,78.6462696479884,2869
"DRC",131616541,129175740,126163707,121659648,117811537,729137,0.6,110520167,106874482,103228797,95937427,92291742,88646057,81354687,74063317,70417632,66771947,59480577,54.8076734519258,2181
"Indonesia",141244075,134714299,127698859,121333147,116317384,932180,0.8,106995584,102334684,97673784,88351984,83691084,79030184,69708384,60386584,55725684,51064784,41742984,70.4462052656014,2144
"Brazil",375892185,360358879,349783945,342670021,334981897,1145086,0.3,323531037,317805607,312080177,300629317,294903882,289178452,277727595,266276735,260551304,254825875,243375015,35.2540370053184,2312
"America",690336658,666335632,648915831,634571314,621159873,2154917,0.3,599610703,588836118,578061533,556512363,545746935,534991100,513575626,492547992,482401391,472660296,453573392,34.2967830631993,5288
"Africa",275709298,268031939,259665217,248823436,238791330,1678048,0.7,222010850,213620610,205545108,191942509,185299118,178688182,166511778,155499298,149995462,144508666,133624106,51.534421592122,4806
"Asia",301390609,285736837,270678672,257266681,246894284,1917405,0.7,227720234,218133209,208546184,189372134,179785109,170511900,152114380,133801993,125481518,117224093,102124019,66.1157262534348,7318
"All continents",1267436565,1220104408,1179259720,1140661431,1106845487,5750370,0.5,1049341787,1020589937,992152825,937827006,910831162,884191182,832201784,781849283,757878371,734393055,689321517,45.6129374806225,7318
