"mod","D","AUC","OA","FOM","TSS"
"glm",28.2827045468108,82.9943158424127,75.6995869946217,60.95864377252,51.2225663167723
"icar",38.8772472895314,87.0308027234164,79.2416203651512,65.7347853810927,58.4709792283206
"rf",81.2318782702302,84.0526839432156,76.671927301471,62.3352583074037,53.2143307765177
