"cont","mod","D","AUC","OA","FOM","TSS"
"America","glm",30.6376754561608,83.9478018284675,76.6319865344758,62.4877151636759,53.6343325856312
"America","icar",40.2016356113467,87.0774612758932,79.7880093693687,66.6093284846945,59.5482079312209
"America","rf",81.9306542395009,85.4299935698461,78.0934914588326,64.5715278492804,56.2217456100767
"Africa","glm",25.8994005384859,81.4298163880317,73.9176862925068,58.8840096491449,48.0869195082005
"Africa","icar",35.8340609466805,85.9566450183758,77.8035739493949,63.7227446903397,55.5180348194113
"Africa","rf",65.4341444459104,81.203570748368,74.2562534029716,58.9239341533108,47.9887326337749
"Asia","glm",27.6063199547022,84.3100508333198,77.1780413212182,63.1285430065676,54.4407724683745
"Asia","icar",40.4818654986496,88.0150401951072,80.2498951165804,66.5671188764782,59.826689982364
"Asia","rf",83.4118719132151,86.2850264891919,78.5145016103325,64.6371932860087,56.9931184236838
