"cont","mod","D","AUC","OA","FOM","TSS"
"America","glm",30.6066828216196,83.7740165667278,76.9799690350406,62.6005716371657,53.6999214247363
"America","icar",40.0456786609445,87.1997110644689,79.8618234370835,66.6245381038644,59.4396878292283
"America","rf",81.3717713120063,85.4306290620917,78.1525654622319,64.460255445247,56.0591408045894
"Africa","glm",26.0070646918241,81.5264686950193,73.9391741166323,58.9022485676836,47.8602546029471
"Africa","icar",36.1470261673395,86.1449989885836,77.6906233557244,64.0233062729046,55.9956480180905
"Africa","rf",70.4124501339188,79.2200596785801,72.1206009539814,56.4941909859353,43.9882029040537
"Asia","glm",27.9781056795945,84.2921228638527,77.2227426643989,62.5600149672004,53.7937405521966
"Asia","icar",40.1148878493463,88.008718475932,80.1623506259612,66.5005339459796,59.8465716598031
"Asia","rf",80.2105517494121,84.8367862183825,77.3372894584806,63.0873596568813,54.8264383499994
