"area_ctry","int","pa","alt","slope","ddefor","dedge","driver","droad","dtown","Vrho"
"India",-1.01124206502138,-0.189039718574805,-0.346878443636036,-0.169264778568971,-3.49923497127045,-2.7559044115989,-0.0190786664455302,-0.156850311373177,-0.0103459146864409,2.03311781988584
"Brazil",-2.57829700074985,-0.663489781062029,-0.0817638583499499,-0.03057333436464,-2.08788273272459,-3.56681315124606,-0.0826283587703963,-0.486350647199653,-0.42397783168481,9.16766129333735
"America",-2.5019254483715,-0.567289893403238,-0.26553119948411,-0.122805662051666,-2.15374411847234,-4.02764028129614,-0.0544448387201852,-0.495291111345764,-0.366693111236241,7.73359728544383
"Africa",-2.55355922484797,-0.283711965322033,-0.0850532504052266,-0.0665325864751954,-3.24125009970318,-4.76717331291957,-0.0144748731106402,-0.391992141615152,-0.191019604932095,5.45291616676115
"Asia",-1.13632326975153,-0.55402072402521,-0.419127244662302,-0.420179195331662,-1.12884031303362,-2.3255401752737,-0.0239726344942403,-0.284756791939929,-0.0943692964159858,5.79674688237718
"All continents",-2.19527856476468,-0.50268356395573,-0.262129215900174,-0.179812669869253,-2.15111242886811,-3.79190169858488,-0.0386814688178256,-0.423879481144128,-0.265199241228345,6.78803063804154
