"cont","for2040","for2050","for2060","for2080","for2100","loss21","yr75dis"
"India",5131188,3541118,2597425,840725,314067,97.1582764732867,2038
"DRC",97988477,88076947,78165417,58342357,38519297,70.7346596806927,2099
"Indonesia",86341824,71354044,56366264,26390704,0,100,2070
"Brazil",296390792,277095245,257799694,219208595,180617495,51.9497547296521,2146
"America",548654391,513637502,480080746,417593543,356115355,41.4298955507549,2197
"Africa",190066667,171757956,155442614,126023980,100552728,58.0805730716298,2143
"Asia",183984100,153943906,124562673,73390156,38429486,78.0918617902871,2094
"All continents",922705158,839339364,760086033,617007679,495097569,60.9394981389457,2142
