"cont","for2040","for2050","for2060","for2080","for2100","loss21","yr75dis"
"India",6625548,5782658,4939768,3297065,2359145,78.6541156841438,2071
"DRC",103228417,95936857,88645297,74062177,59479057,54.8103163726878,2135
"Indonesia",97673464,88351504,79029544,60385624,41741704,70.4509192532053,2113
"Brazil",312080197,300629347,289178492,266276795,243375094,35.2541515460949,2246
"America",578046933,556490463,534961930,492504614,453516034,34.307139143553,2251
"Africa",205541128,191938009,178682182,155491858,133613946,51.5443209476222,2169
"Asia",208545324,189370844,170510340,133800433,102120899,66.1191417324252,2120
"All continents",992133385,937799316,884154452,781796905,689250879,45.6218593512973,2221
