perc,value
mean,0.5377033258708473
min,0.4562185958798094
max,0.6093949829673482
