perc,value
mean,0.4793187307477669
min,0.3886335800555277
max,0.5603100787779862
