"mod","D","AUC","OA","FOM","TSS"
"glm",28.3244407059032,83.0029491764545,75.7978511654752,61.1804151404408,51.6794160195686
"icar",38.6495881195705,86.9005510957332,79.1278554133944,65.5755340002625,58.2092095327397
"rf",76.2027366346406,83.7332352486355,76.2843519203726,62.1852087002514,52.5539423698793
