"cont","mod","D","AUC","OA","FOM","TSS"
"America","glm",31.0271790090245,84.0755531705531,76.8284200085165,62.3961759989463,53.507791017899
"America","icar",40.8555033642229,87.4307092139741,80.0063780773828,66.7684616176901,60.018035308064
"America","rf",82.5781073514569,86.5523087279316,79.2280550890402,65.8294705998085,58.3058881230481
"Africa","glm",26.7991341808385,81.716674568696,74.5459892405323,59.3970383456756,48.8096097222167
"Africa","icar",36.7951532510135,86.1973826639846,78.3042379076801,64.5664516257895,56.636768959061
"Africa","rf",79.41271946527,81.1163571385062,73.8627039762256,58.4227297921638,47.2706902594627
"Asia","glm",24.9346223356648,83.0978966804734,75.4377166734179,60.8150785165463,50.8516917745597
"Asia","icar",38.5423666301352,87.8097542914473,79.3840651803626,65.7248146967304,58.6317770323677
"Asia","rf",81.8295865971148,84.2565389550425,76.4833024980056,62.2258694209121,53.5527124736049
