"cont","mod","D","AUC","OA","FOM","TSS"
"America","glm",30.457829281616,83.7340712188976,76.4910530023673,62.3993572588305,53.3992072857475
"America","icar",NA,87.1013008612796,79.807206163017,66.5695409859897,59.4983290715803
"America","rf",82.4612753254427,85.7970473048259,78.5252061806648,65.0848185788604,56.7931354446425
"Africa","glm",26.1636202156829,81.6010741801421,74.3558709848138,59.2102485772631,48.7757227128829
"Africa","icar",36.3226019026149,86.0767087277193,77.8226521181423,63.9545911208202,55.8958256041265
"Africa","rf",65.8658921177923,80.7946937194536,73.2847172153218,58.5627456791836,46.802079627628
"Asia","glm",27.7740515813898,84.1693447605011,77.134891703889,62.3729819686125,53.6160699522647
"Asia","icar",40.0848374984079,88.0084981654469,80.1332754728348,66.4937064670524,59.8017407220849
"Asia","rf",82.806998018678,84.9944226400758,77.2576371848628,62.897577903889,54.53154626005
