"mod","D","AUC","OA","FOM","TSS"
"glm",28.3673090630264,83.0146867481479,75.8675091875548,61.1851611581772,51.4943130088083
"icar",38.5744016169416,86.9485190792107,79.0911310456393,65.6112628359619,58.2042129795306
"rf",76.9840280679312,82.9560568768442,75.7048417680742,61.172653195169,51.2349464515745
