"area_ctry","int","pa","alt","slope","ddefor","dedge","driver","droad","dtown","Vrho"
"India",-0.722868140188104,-0.373976705876099,-0.353642259272864,-0.160492996134992,-3.068768059519,-2.13318725895742,0,-0.13453359360514,-0.0509869419813343,2.1931063496735
"Brazil",-2.51575286200597,-0.771859572168072,-0.100901529445837,-0.0289255145989462,-1.97012051646304,-3.840462862518,-0.0600230699017273,-0.447244309004736,-0.499130497545762,9.11215957518531
"America",-2.37962231465773,-0.60802590312166,-0.280315295771429,-0.12101035930973,-2.09683582070055,-4.11011670625411,-0.044480381172832,-0.47536645875464,-0.402118861123285,7.86029537784888
"Africa",-2.46047822995703,-0.313262220228968,-0.0808082407345633,-0.0540113634382914,-3.13359294617524,-4.81671137191627,-0.0225686974925545,-0.372933292462896,-0.226715282987228,5.38146526281524
"Asia",-1.16306321629801,-0.677656036493159,-0.400661436066187,-0.416772144260863,-1.289044041005,-2.2245161294713,-0.0184712987858815,-0.314857588045132,-0.0998445747925178,5.92276095464925
"All continents",-2.11818926413855,-0.559103395404221,-0.264008421080031,-0.174143916908068,-2.13970933107042,-3.83290141832482,-0.0336857285628025,-0.415969841816676,-0.294115288109647,6.86975343618818
