"mod","D","AUC","OA","FOM","TSS"
"glm",38.8451200384356,88.1032915197189,80.7995347500366,68.0252806201066,61.6030096571992
"icar",52.2276040941271,91.2118006820445,84.1559560889387,72.8811855907757,68.4679227904483
"rf",86.6777042777749,90.3328116454314,83.1212381471232,71.6923067893542,66.421090966338
